Language_ID,Feature,Value
awi1,BARE,
jap1,BARE,
jap1,PL,
jap1,PL,tati
jap1,PL,ra
jap1,PL,gata
jap1,PL,domo
jap1,PL,ta
jap1,PL,syo
jap1,SG,kare
jap1,SG,kanoz yo
jap1,SG,anohito
jap1,SG,anoko
jap1,PL,tachi
eng1,SG,i
eng1,SG,me
eng1,SG,me
eng1,PL,we
eng1,SG,you
eng1,SG,you
eng1,PL,us
eng1,SG,your
eng1,SG,your
eng1,SG,my
eng1,SG,my
eng1,SG,mine
eng1,SG,he
eng1,SG,him
eng1,SG,she
eng1,SG,her
eng1,SG,his
eng1,SG,hers
eng1,SG,it
eng1,SG,its
eng1,PL,they
eng1,PL,them
eng1,PL,our
eng1,PL,ours
eng1,PL,us
eng1,SG,herself
eng1,SG,myself
eng1,PL,ourselves
eng1,SG,yourself
eng1,PL,yourselves
eng1,SG,itself
eng1,PL,themselves
eng1,SG,thou
eng1,SG,thee
eng1,SG,thy
eng1,SG,thyself
eng1,SG,thine
eng1,PL,ye
eng1,PL,yours
eng1,SG,this
eng1,SG,that
eng1,PL,them
eng1,PL,these
eng1,PL,those
eng1,PL,their
eng1,PL,theirs
eng1,SG,s
eng1,PL,s
eng1,PL,es
eng1,PL,es
eng1,PL,es
eng1,PL,es
eng1,PL,ves
eng1,PL,i
eng1,PL,ae
eng1,PL,ies
eng1,PL,a
eng1,PL,ren
eng1,PL,eese
eng1,PL,en
eng1,PL,ne
eng1,PL,ee
eng1,PL,ice
eng1,PL,s
eng1,PL,
eng1,PL,some
eng1,SG,someone
eng1,SG,somebody
eng1,SG,something
eng1,PL,any
eng1,SG,anyone
eng1,SG,anybody
eng1,SG,anything
eng1,PL,either
eng1,SG,none
eng1,SG,no one
eng1,SG,nobody
eng1,SG,nothing
eng1,SG,neither
eng1,PL,all
eng1,PL,everyone
eng1,PL,everybody
eng1,PL,everything
eng1,PL,both
eng1,SG,each
eng1,PL,i
eng1,PL,uses
eng1,PL,ae
eng1,PL,as
eng1,PL,a
eng1,PL,ices
eng1,PL,es
eng1,PL,a
eng1,PL,
eng1,PL,i
eng1,PL,im
rus1,SG,
rus1,SG,a
rus1,SG,
rus1,SG,o
rus1,PL,y
rus1,PL,y
rus1,PL,i
rus1,PL,a
rus1,SG,
rus1,SG,u
rus1,SG,
rus1,SG,o
rus1,PL,y
rus1,PL,y
rus1,PL,i
rus1,PL,a
rus1,SG,a
rus1,SG,y
rus1,SG,i
rus1,SG,a
rus1,PL,ov
rus1,PL,
rus1,PL,ej
rus1,PL,
rus1,SG,u
rus1,SG,ej
rus1,SG,i
rus1,SG,u
rus1,PL,am
rus1,PL,m
rus1,PL,jam
rus1,PL,ami
rus1,SG,om
rus1,SG,oj
rus1,SG,ju
rus1,SG,m
rus1,PL,ami
rus1,PL,ami
rus1,PL,jami
rus1,PL,ami
rus1,SG,ej
rus1,SG,ej
rus1,SG,i
rus1,SG,ej
rus1,PL,ax
rus1,PL,x
rus1,PL,jax
rus1,PL,ax
rus1,SG,a
rus1,SG,u
rus1,SG,y
rus1,SG,e
rus1,SG,ii
rus1,SG,oj
rus1,SG,e
rus1,PL,y
rus1,PL,
rus1,PL,am
rus1,PL,ami
rus1,PL,ah
rus1,SG,
rus1,SG,a
rus1,SG,u
rus1,SG,om
rus1,SG,e
rus1,PL,y
rus1,PL,ov
rus1,PL,am
rus1,PL,ami
rus1,PL,ah
rus1,SG,o
rus1,SG,a
rus1,SG,u
rus1,SG,om
rus1,SG,e
rus1,PL,a
rus1,PL,
rus1,PL,am
rus1,PL,ami
rus1,PL,ah
rus1,SG,ja
rus1,SG,eni
rus1,SG,enem
rus1,SG,eni
rus1,PL,ena
rus1,PL,en
rus1,PL,enam
rus1,PL,enami
rus1,PL,enah
rus1,SG,
rus1,SG,i
rus1,SG,ju
rus1,SG,i
rus1,PL,i
rus1,PL,ej
rus1,PL,jam
rus1,PL,jami
rus1,PL,ah
rus1,PL,di
rus1,SG,la
rus1,PL,le
rus1,PL,de
rus1,SG,in
rus1,SG,ty
rus1,SG,ja
rus1,SG,menja
rus1,SG,mne
rus1,SG,mnoj
rus1,SG,mne
rus1,SG,ty
rus1,SG,tebja
rus1,SG,tebe
rus1,SG,toboj
rus1,SG,tebe
rus1,SG,ono
rus1,SG,on
rus1,SG,ego
rus1,SG,emu
rus1,SG,im
rus1,SG,nem
rus1,SG,ona
rus1,SG,её
rus1,SG,ej
rus1,SG,ej
rus1,SG,nej
rus1,PL,my
rus1,PL,nas
rus1,PL,nas
rus1,PL,nam
rus1,PL,nami
rus1,PL,nas
rus1,PL,vy
rus1,PL,vam
ene1,SG,
ene1,SG,a
ene1,SG,u
ene1,SG,u
ene1,SG,om
ene1,DU_F,a
ene1,DU_F,a
ene1,DU_F,ov
ene1,DU_F,oma
ene1,DU_F,ih
ene1,DU_F,oma
ene1,PL,i
ene1,PL,e
ene1,PL,ov
ene1,PL,om
ene1,PL,ih
ene1,PL,i
ene1,SG,
ene1,SG,a
ene1,SG,u
ene1,SG,u
ene1,SG,em
ene1,DU_F,a
ene1,DU_F,a
ene1,DU_F,ev
ene1,DU_F,ema
ene1,DU_F,ih
ene1,DU_F,ema
ene1,PL,i
ene1,PL,e
ene1,PL,ev
ene1,PL,em
ene1,PL,ih
ene1,PL,i
ene1,SG,korȃk
ene1,SG,korȃk
ene1,SG,korȃka
ene1,SG,korȃku
ene1,SG,korȃku
ene1,SG,korȃkom
ene1,DU,korȃka
ene1,DU,korȃka
ene1,DU,korȃkov
ene1,DU,korȃkoma
ene1,DU,korȃkih
ene1,DU,korȃkoma
ene1,PL,korȃki
ene1,PL,korȃke
ene1,PL,korȃkov
ene1,PL,korȃkom
ene1,PL,korȃkih
ene1,PL,korȃki
ene1,SG,kováč
ene1,SG,kováča
ene1,SG,kováča
ene1,SG,kováču
ene1,SG,kováču
ene1,SG,kováčem
ene1,DU,kováča
ene1,DU,kováča
ene1,DU,kovāčev
ene1,DU,kováčema
ene1,DU,kovāčih
ene1,DU,kováčema
ene1,PL,kováči
ene1,PL,kováče
ene1,PL,kovāčev
ene1,PL,kováčem
ene1,PL,kovāčih
ene1,PL,kovāči
ene1,SG,brat
ene1,SG,bráta
ene1,SG,bráta
ene1,SG,brátu
ene1,SG,k brātu
ene1,SG,brátom
ene1,DU,bráta
ene1,DU,bráta
ene1,DU,brātov
ene1,DU,brátoma
ene1,DU,brātih
ene1,DU,brátoma
ene1,PL,brátje
ene1,PL,bráti
ene1,PL,bráte
ene1,PL,brātov
ene1,PL,brátom
ene1,PL,brātih
ene1,PL,brāti
ene1,SG,rázred
ene1,SG,rázred
ene1,SG,razrẹ́da
ene1,SG,razrẹ́du
ene1,SG,k razrẹ̄du
ene1,SG,razrẹ́du
ene1,SG,razrẹ́dom
ene1,DU,razrẹ́da
ene1,DU,razrẹ́da
ene1,DU,razrẹ̄dov
ene1,DU,razrẹ́doma
ene1,DU,razrẹ̄dih
ene1,DU,razrẹ́doma
ene1,PL,razrẹ́di
ene1,PL,razrẹ́de
ene1,PL,razrẹ̄dov
ene1,PL,razrẹ́dom
ene1,PL,razrẹ̄dih
ene1,PL,razrẹ̄di
ene1,SG,mož
ene1,SG,možȃ
ene1,SG,možȃ
ene1,SG,mọ̑žu
ene1,SG,mọ̑žu
ene1,SG,mọ̑žem
ene1,DU,možȃ
ene1,DU,možȃ
ene1,DU,mọ́ž
ene1,DU,možẹ̑ma
ene1,DU,možẹ́h
ene1,DU,možẹ̑ma
ene1,PL,možjẹ̑
ene1,PL,možẹ̑
ene1,PL,mọ́ž
ene1,PL,možẹ̑m
ene1,PL,možẹ́h
ene1,PL,možmí
ene1,SG,svẹ̑t
ene1,SG,svẹ̑t
ene1,SG,svetȃ
ene1,SG,svẹ̑tu
ene1,SG,svẹ̑tu
ene1,SG,svẹ̑tom
ene1,DU,svetȏva
ene1,DU,svetȏva
ene1,DU,svetóv
ene1,DU,svetȏvoma
ene1,DU,svetȏvih
ene1,DU,svetȏvoma
ene1,PL,svetȏvi
ene1,PL,svetȏve
ene1,PL,svetóv
ene1,PL,svetȏvom
ene1,PL,svetȏvih
ene1,PL,svetȏvi
ene1,SG,grȃd
ene1,SG,grȃd
ene1,SG,gradȗ
ene1,SG,gradȗ
ene1,SG,gradȗ
ene1,SG,grȃdom
ene1,DU,gradȏva
ene1,DU,gradȏva
ene1,DU,gradóv
ene1,DU,gradȏvoma
ene1,DU,gradȏvih
ene1,DU,gradȏvoma
ene1,PL,gradȏvi
ene1,PL,gradȏve
ene1,PL,gradóv
ene1,PL,gradȏvom
ene1,PL,gradȏvih
ene1,PL,gradȏvi
ene1,PL,pȅs
ene1,SG,psȁ
ene1,SG,psȁ
ene1,SG,psȕ
ene1,SG,psȕ
ene1,SG,psȍm
ene1,DU,psȁ
ene1,DU,psȁ
ene1,DU,psȍv
ene1,DU,psóv
ene1,DU,psóma
ene1,DU,psȉh
ene1,DU,psóma
ene1,PL,psȉ
ene1,PL,psȅ
ene1,PL,psȍv
ene1,PL,psóv
ene1,PL,psȍm
ene1,PL,psȉh
ene1,PL,psȉ
ene1,SG,a
ene1,SG,o
ene1,SG,e
ene1,SG,i
ene1,SG,i
ene1,SG,o
ene1,DU_F,i
ene1,DU_F,e
ene1,DU_F,i
ene1,DU_F,i
ene1,DU_F,
ene1,DU_F,ama
ene1,DU_F,ah
ene1,DU_F,ama
ene1,PL,e
ene1,PL,e
ene1,PL,
ene1,PL,am
ene1,PL,ah
ene1,PL,ami
ene1,SG,góra
ene1,SG,gorọ̑
ene1,SG,gorẹ̄
ene1,SG,góri
ene1,SG,góri
ene1,SG,gorọ́
ene1,DU,gorẹ̑
ene1,DU,gorẹ̑
ene1,DU,gorā
ene1,DU,gorȃma
ene1,DU,gorȁh
ene1,DU,gorȃma
ene1,PL,gorẹ̑
ene1,PL,gorẹ̑
ene1,PL,gorā
ene1,PL,gorȁm
ene1,PL,gorȁh
ene1,PL,gorȃmi
ene1,SG,nóga
ene1,SG,nogọ̑
ene1,SG,nogẹ̄
ene1,SG,nógi
ene1,SG,nógi
ene1,SG,nogọ́
ene1,DU,nogẹ̑
ene1,DU,nogẹ̑
ene1,DU,nọ́g
ene1,DU,nogȃma
ene1,DU,nogȁh
ene1,DU,nogȃma
ene1,PL,nogẹ̑
ene1,PL,nogẹ̑
ene1,PL,nọ́g
ene1,PL,nogȁm
ene1,PL,nogȁh
ene1,PL,nogȃmi
ene1,SG,stezȁ
ene1,SG,stezȍ
ene1,SG,stezȅ
ene1,SG,stezȉ
ene1,SG,stezȉ
ene1,DU,stezȍ
ene1,DU,stezȉ
ene1,DU,stezȉ
ene1,DU,stezā
ene1,DU,stezȃma
ene1,DU,stezȁh
ene1,PL,stezȃma
ene1,PL,stezȅ
ene1,PL,stezȅ
ene1,PL,stezā
ene1,PL,stezȁm
ene1,PL,stezȁh
ene1,PL,stezȃmi
ene1,SG,ev
ene1,SG,e
ene1,SG,i
ene1,SG,ev
ene1,SG,i
ene1,SG,ijo
ene1,DU_F,i
ene1,DU_F,ev
ene1,DU_F,ama
ene1,DU_F,i
ene1,DU_F,ah
ene1,DU_F,ama
ene1,PL,e
ene1,PL,ev
ene1,PL,am
ene1,PL,e
ene1,PL,ah
ene1,PL,ami
ene1,SG,
ene1,SG,
ene1,SG,i
ene1,SG,jo
ene1,DU_F,i
ene1,DU_F,ma
ene1,DU_F,ema
ene1,PL,i
ene1,PL,i
ene1,PL,i
ene1,PL,im
ene1,PL,em
ene1,PL,ih
ene1,PL,eh
ene1,PL,mi
ene1,SG,perȗt
ene1,SG,perȗt
ene1,SG,perȗti
ene1,SG,perȗti
ene1,SG,perȗti
ene1,SG,perȗtjo
ene1,DU,perȗti
ene1,DU,perȗti
ene1,DU,perȗtma
ene1,DU,perȗtih
ene1,DU,perȗtih
ene1,DU,perȗtih
ene1,PL,perȗti
ene1,PL,perȗti
ene1,PL,perȗti
ene1,PL,perȗtim
ene1,PL,perȗtih
ene1,PL,perȗtmi
ene1,SG,stárost
ene1,SG,stárost
ene1,SG,stárosti
ene1,SG,stárosti
ene1,SG,stárosti
ene1,SG,stārostjo
ene1,DU,stárosti
ene1,DU,stárosti
ene1,DU,stárosti
ene1,DU,stárostma
ene1,DU,stárostih
ene1,DU,stárostma
ene1,PL,stárosti
ene1,PL,stárosti
ene1,PL,stárosti
ene1,PL,stárostim
ene1,PL,stárostih
ene1,PL,stárostmi
ene1,SG,lúč
ene1,SG,lúč
ene1,SG,lúči
ene1,SG,lúči
ene1,SG,lúči
ene1,SG,lȗčjo
ene1,DU,lúči
ene1,DU,lúči
ene1,DU,lúči
ene1,DU,lūčma
ene1,DU,lūčih
ene1,DU,lūčma
ene1,PL,lúči
ene1,PL,lúči
ene1,PL,lúči
ene1,PL,lúčim
ene1,PL,lūčih
ene1,PL,lūčmi
ene1,SG,stvȃr
ene1,SG,stvȃr
ene1,SG,stvarí
ene1,SG,stvarí
ene1,SG,stvarí
ene1,SG,stvarjọ́
ene1,DU,stvarȋ
ene1,DU,stvarȋ
ene1,DU,stvarȋ
ene1,DU,stvarẹ̄ma
ene1,DU,stvarẹ́h
ene1,DU,stvarẹ̄ma
ene1,PL,stvarȋ
ene1,PL,stvarȋ
ene1,PL,stvarȋ
ene1,PL,stvarẹ̄m
ene1,PL,stvarẹ́h
ene1,PL,stvarmí
ene1,SG,kọ̑st
ene1,SG,kọ̑st
ene1,SG,kostí
ene1,SG,kósti
ene1,SG,kósti
ene1,SG,kostjọ́
ene1,DU,kostȋ
ene1,DU,kostȋ
ene1,DU,kostī
ene1,DU,kostẹ̄ma
ene1,DU,kostẹ́h
ene1,DU,kostẹ̄ma
ene1,PL,kostȋ
ene1,PL,kostȋ
ene1,PL,kostī
ene1,PL,kostẹ̄m
ene1,PL,kostẹ́h
ene1,PL,kostmí
ene1,SG,debȅr
ene1,SG,debȅr
ene1,SG,debrȉ
ene1,SG,debrȉ
ene1,SG,debrȉ
ene1,SG,debrijȍ
ene1,DU,debrȉ
ene1,DU,debrȉ
ene1,DU,debrī
ene1,DU,debrimȁ
ene1,DU,debrȉh
ene1,DU,debrimȁ
ene1,PL,debrȉ
ene1,PL,debrȉ
ene1,PL,debrī
ene1,PL,debrȉm
ene1,PL,debrȉh
ene1,PL,debrimȉ
ene1,SG,o
ene1,SG,o
ene1,SG,a
ene1,SG,u
ene1,SG,u
ene1,SG,om
ene1,DU_F,i
ene1,DU_F,i
ene1,DU_F,
ene1,DU_F,oma
ene1,DU_F,ih
ene1,DU_F,oma
ene1,PL,a
ene1,PL,a
ene1,PL,
ene1,PL,om
ene1,PL,ih
ene1,PL,i
ene1,SG,e
ene1,SG,e
ene1,SG,a
ene1,SG,u
ene1,SG,u
ene1,SG,em
ene1,DU_F,i
ene1,DU_F,i
ene1,DU_F,
ene1,DU_F,ema
ene1,DU_F,ih
ene1,DU_F,ema
ene1,PL,kọ́la
ene1,PL,kọ́la
ene1,PL,kọ́l
ene1,PL,kọ́lom
ene1,PL,kọ́lih
ene1,PL,kọ́li
ene1,PL,pljúča
ene1,PL,pljúča
ene1,PL,pljȗč
ene1,PL,pljúčem
ene1,PL,pljȗčih
ene1,PL,pljȗči
ene1,PL,gēsla
ene1,PL,gēsla
ene1,PL,gȇsel
ene1,PL,gēslom
ene1,PL,gēslih
ene1,PL,gēsli
ene1,SG,blagọ̑
ene1,SG,blagọ̑
ene1,SG,blagȃ
ene1,SG,blȃgu
ene1,SG,blȃgu
ene1,SG,blȃgom
ene1,DU,blȃgi
ene1,DU,blȃgi
ene1,DU,blȃg
ene1,DU,blȃgoma
ene1,DU,blȃgih
ene1,DU,blȃgoma
ene1,PL,blȃga
ene1,PL,blȃga
ene1,PL,blȃg
ene1,PL,blȃgom
ene1,PL,blȃgih
ene1,PL,blȃgi
ene1,SG,srebrọ̑
ene1,SG,srebrọ̑
ene1,SG,srebrȃ
ene1,SG,srẹ̑bru
ene1,SG,srẹ̑bru
ene1,SG,srẹ̑brom
ene1,SG,zlȍ
ene1,SG,zlȍ
ene1,SG,zlȁ
ene1,SG,zlȕ
ene1,SG,zlȕ
ene1,SG,zlȍm
ene1,DU,zlȉ
ene1,DU,zlȉ
ene1,DU,zȅl
ene1,DU,zlōma
ene1,DU,zlȉh
ene1,DU,zlōma
ene1,PL,zlȁ
ene1,PL,zlȁ
ene1,PL,zȅl
ene1,PL,zlȍm
ene1,PL,zlȉh
ene1,PL,zlȉ
ene1,SG,imẹ̑
ene1,SG,imẹ̑
ene1,SG,imẹ̑na
ene1,SG,imẹ̑nu
ene1,SG,imẹ̑nu
ene1,SG,imẹ̑nom
ene1,DU,imẹ̑ni
ene1,DU,imẹ̑ni
ene1,DU,imẹ̑ni
ene1,DU,imẹ̑noma
ene1,DU,imẹ̑nih
ene1,DU,imẹ̑noma
ene1,PL,imẹ̑na
ene1,PL,imẹ̑na
ene1,PL,imẹ̑n
ene1,PL,imẹ̑nom
ene1,PL,imẹ̑nih
ene1,PL,imẹ̑ni
ene1,SG,telọ̑
ene1,SG,telọ̑
ene1,SG,telẹ̑sa
ene1,SG,telẹ̑su
ene1,SG,telẹ̑su
ene1,SG,telẹ̑som
ene1,SG,telẹ̑si
ene1,SG,telẹ̑si
ene1,SG,telẹ̑s
ene1,SG,telẹ̑soma
ene1,SG,telẹ̑sih
ene1,SG,telẹ̑soma
ene1,PL,telẹ̑sa
ene1,PL,telẹ̑sa
ene1,PL,telẹ̑s
ene1,PL,telẹ̑som
ene1,PL,telẹ̑sih
ene1,SG,deklȅ
ene1,SG,deklȅ
ene1,SG,deklẹ́ta
ene1,SG,deklẹ̄tu
ene1,SG,deklẹ̄tu
ene1,SG,deklẹ́tom
ene1,DU,deklẹ́ti
ene1,DU,deklẹ́ti
ene1,DU,deklẹ̑t
ene1,DU,deklẹ̄toma
ene1,DU,deklẹ̑tih
ene1,DU,deklẹ̄toma
ene1,PL,deklẹ̑ta
ene1,PL,deklẹ̑ta
ene1,PL,deklẹ̑t
ene1,PL,deklẹ̑tom
ene1,PL,deklẹ̑tih
ene1,PL,deklẹ̑ti
ene1,PL,a
ene1,PL,a
ene1,PL,
ene1,PL,em
ene1,PL,ih
ene1,PL,i
ene1,SG,o
ene1,PL,î
ene1,PL,í
ene1,PL,ê
ene1,PL,a
ene1,PL,êm
ene1,PL,mí
ene1,DU_F,êh
ene1,PL,êh
ene1,SG,
ene1,SG,
ene1,SG,a
ene1,SG,u
ene1,SG,u
ene1,SG,om
ene1,DU_F,ova
ene1,DU_F,ova
ene1,DU_F,oma
ene1,DU_F,oma
ene1,PL,ovi
ene1,PL,ove
ene1,PL,ov
ene1,PL,om
ene1,PL,i
ene1,PL,ih
ene1,SG,jȁz
ene1,SG,me
ene1,SG,me
ene1,SG,mi
ene1,SG,meni
ene1,SG,menoj
ene1,SG,mano
ene1,SG,moj
ene1,SG,tȋ
ene1,SG,te
ene1,SG,te
ene1,SG,tebi
ene1,SG,teboj tabo
ene1,SG,tvoj
ene1,DU_F,m
ene1,DU_F,f
ene1,DU_F,n
ene1,DU_F,naju
ene1,DU_F,naju
ene1,DU_F,nama
ene1,DU_F,naju
ene1,DU_F,nama
ene1,DU_F,najin
ene1,DU_F,m
ene1,DU_F,f
ene1,DU_F,n
ene1,DU_F,vaju
ene1,DU_F,vaju
ene1,DU_F,vama
ene1,DU_F,vajin
ene1,PL,m
ene1,PL,f
ene1,PL,n
ene1,PL,nas
ene1,PL,nas
ene1,PL,nam
ene1,PL,nas
ene1,PL,nami
ene1,PL,nas
ene1,PL,m
ene1,PL,f
ene1,PL,n
ene1,PL,vas
ene1,PL,vas
ene1,PL,vam
ene1,PL,vas
ene1,PL,vami
ene1,PL,vas
ene1,SG,on
ene1,SG,ga
ene1,SG,ga
ene1,SG,mu
ene1,SG,njem
ene1,SG,njim
ene1,SG,njegov
ene1,SG,ona
ene1,SG,jo
ene1,SG,je
ene1,SG,ji
ene1,SG,ji
ene1,SG,jo
ene1,SG,njen
ene1,SG,ono
ene1,SG,ga
ene1,SG,ga
ene1,SG,mu
ene1,SG,njem
ene1,SG,njim
ene1,SG,njegov
ene1,DU_F,va
ene1,DU_F,ve
ene1,DU_F,ju
ene1,DU_F,jih
ene1,DU_F,jima
ene1,DU_F,nijiu
ene1,DU_F,njima
ene1,DU_F,njun
ene1,PL,oni
ene1,PL,one
ene1,PL,ona
ene1,PL,jih
ene1,PL,jih
ene1,PL,jim
ene1,PL,njih
ene1,PL,njimi
ene1,PL,njihov
yso1,SG,usu
yso1,SG,ese
yso1,PL,iso
yso1,SG,titi
yso1,SG,ti
yso1,PAUC,jaa
yso1,PAUC,jejaa
yso1,PL,allo
yso1,PL,bboo
yso1,PL,aar
yso1,PL,laal
yso1,PL,jool
yso1,PL,jolaal
yso1,PL,l
var1,SG,
var1,PAUC,allo
var1,PL,abi
var1,PAUC,al
var1,PL,al
var1,PL,dul
var1,SG,dun
var1,SG,dir
var1,SG,dije
var1,SG,dida
var1,SG,mun
var1,SG,dur
var1,SG,dije
var1,SG,duda
var1,PL,nil
var1,PL,niler
var1,PL,nileje
var1,PL,nileda
var1,PL,niz
var1,PL,nizeca
var1,PL,nizer
var1,PL,nieeje
var1,PL,nizeda
var1,PL,nuz
var1,PL,nuzeca
var1,PL,nuzer
var1,PL,nuzeje
var1,PL,nuzeda
var1,PL,bi
var1,PL,jal
var1,PL,e
var1,PL,je
var1,PL,l
var1,PL,r
var1,PL,
var1,SG,as
var1,SG,asul
var1,SG,ase
var1,SG,asda
var1,SG,asuq
var1,SG,asuqe
var1,SG,asuqa
var1,PL,al
var1,PL,aze
var1,PL,azuq
var1,SG,alul
var1,SG,ale
var1,SG,alda
var1,SG,aluq
var1,SG,aluqe
var1,SG,aluqa
var1,PL,al
var1,PL,ae
var1,PL,azuq
var1,SG,al
var1,SG,aje
var1,SG,ada
var1,SG,aq
var1,SG,aqe
var1,SG,aqa
var1,PL,dull
var1,PL,duze
var1,PL,duzuq
yun1,SG,bu
yun1,PL,i
yun1,GPL,ti
yun1,PL,ba
ula1,SG,a
ula1,PL,e
ula1,GPL,eli
ula1,SG,o
ula1,SG,n
ula1,SG,w
ula1,SG,ru
ula1,SG,gal
ula1,SG,nde
ula1,SG,ri
ula1,PL,ji
ula1,PL,‐ɗe
mer1,SG,ta
mer1,PL,a
mer1,SG,â
mer1,SG,tâ
mer1,SG,no
mer1,SG,tóno
mer1,PL,na
mer1,GPL,ono
mer1,SG,ino
mer1,PL,oma
mer1,SG,ó
mer1,PL,á
mer1,PL,ና
mer1,PL,ኃ
mer1,SG,ኅንከ
mer1,PL,ዎዲ
mer1,SG,ኡ
mer1,PL,ኞዲ
mer1,SG,ቷዲ
mer1,PL,ቻዲ
mer1,PL,ቷዲ
mer1,SG,ንኩ
mer1,SG,ኖ
mer1,PL,ና
mer1,SG,ንኩ
mer1,SG,ኖ
mer1,PL,ና
mer1,SG,ንኩ
mer1,SG,ኖ
mer1,PL,ና
mer1,SG,ንኩ
mer1,SG,ኖ
mer1,PL,ና
mer1,SG,ንኩ
mer1,SG,ኖ
mer1,PL,ና
mer1,SG,ንኩ
mer1,SG,ኖ
mer1,PL,ና
mer1,SG,ንኩ
mer1,SG,ኖ
mer1,PL,ና
mer1,SG,ኔ
mer1,SG,ኔ
mer1,SG,ኔ
mer1,SG,ኔ
mer1,PL,ኔ
mer1,PL,ኔ
mer1,PL,ኔ
ggu1,SG,i
ggu1,PL,ara
ggu1,PL,arua
ggu1,SG,na
ggu1,SG,na
ggu1,SG,gu
ggu1,SG,mu
ggu1,PL,nggia
ggu1,PL,ami
ggu1,PL,amu
ggu1,PL,nggira
ggu1,PL,ra
ggu1,SG,a
ggu1,SG,a
ggu1,PL,rarua
ggu1,PL,raolu
ggu1,PL,ni
ggu1,SG,nggu
ggu1,SG,na
ggu1,SG,mami
ggu1,SG,da
ggu1,SG,miu
ggu1,SG,inau
ggu1,SG,ioe
ggu1,SG,ingaia
ggu1,PL,inggia
ggu1,SG,nau
ggu1,SG,u
ggu1,SG,o
ggu1,PL,iami
ggu1,PL,inggira
ggu1,DU_F,inggia rua
ggu1,DU_F,iami
ggu1,DU_F,rua
ggu1,DU_F,inggira
ggu1,DU_F,rua
ggu1,PAUC_F,oro
ggu1,SG,namoa
ggu1,SG,ne
ggu1,SG,ne
ggu1,PL,nene
ggu1,PL,nene
ggu1,SG,ine
ggu1,SG,ine
ggu1,PL,nina
ggu1,PL,nina
ggu1,SG,nggine
ggu1,SG,vete
ggu1,DU_F,gi
ggu1,PAUC_F,gi
ggu1,PL,gi
ike1,SG,a?u
ike1,SG,ane
ike1,SG,mane
ike1,DU_F,arua
ike1,DU_F,itua
ike1,DU_F,irua
ike1,DU_F,matua
ike1,TR_F,aridu
ike1,TR_F,itidu
ike1,TR_F,iridu
ike1,TR_F,matidu
ike1,PL,ami
ike1,PL,ite
ike1,PL,imi
ike1,PL,mati
ike1,PL,ami
ike1,PL,ite
ike1,PL,imi
ike1,PL,mati
ike1,SG,aku
ike1,SG,amu
ike1,SG,mana
ike1,SG,ir
ike1,DU_F,aruar
ike1,DU_F,ituar
ike1,DU_F,iruar
ike1,DU_F,matuar
ike1,TR_F,aridur
ike1,TR_F,itidur
ike1,TR_F,iridur
ike1,TR_F,matuar
ike1,PL,amir
ike1,PL,iter
ike1,PL,imir
ike1,PL,matir
ike1,PL,irir
ike1,SG,aku
ike1,SG,amu
ike1,SG,mana
ike1,SG,ir
ike1,DU_F,aruar
ike1,DU_F,ituar
ike1,DU_F,iruar
ike1,DU_F,matuar
ike1,TR_F,aridur
ike1,TR_F,itidur
ike1,TR_F,iridur
ike1,TR_F,matuar
ike1,PL,amir
ike1,PL,iter
ike1,PL,imir
ike1,PL,matir
ike1,PL,irir
ike1,SG,aku
ike1,SG,amu
ike1,SG,mana
ike1,SG,ir
ike1,DU_F,aruar
ike1,DU_F,ituar
ike1,DU_F,iruar
ike1,DU_F,matuar
ike1,TR_F,aridur
ike1,TR_F,itidur
ike1,TR_F,iridur
ike1,TR_F,matuar
ike1,PL,amir
ike1,PL,iter
ike1,PL,imir
ike1,PL,matir
ike1,PL,irir
mar1,SG,ña
mar1,SG,
mar1,SG,kwe
mar1,SG,e
mar1,PL,kōm
mar1,PL,kōj
mar1,PL,koṃ
mar1,SG,na
mar1,SG,eo
mar1,SG,kwe
mar1,SG,eok
mar1,SG,e
mar1,SG,e
mar1,PL,koj
mar1,PL,koj
mar1,PL,kom
mar1,PL,kom
mar1,PL,kom
mar1,PL,komi
mar1,PL,kom
mar1,PL,komi
mar1,PL,er
mar1,PL,er
mar1,SG,ña
mar1,DU_F,kwe
mar1,TR_F,e
mar1,PAUC,kōm
mar1,PL,kōj
mar1,SG,koṃ
mar1,DU_F,kōmro
mar1,TR_F,kōjro
mar1,PAUC,koṃro
mar1,PL,erro
mar1,SG,kōmjeel
mar1,DU_F,koṃjeel
mar1,TR_F,erjeel
mar1,PAUC,kōmjeeañ
mar1,PL,kōjeañ
mar1,SG,koṃjeeañ
mar1,DU_F,kōmwōj
mar1,TR_F,kōjwōj
mar1,PAUC,koṃwōj
mar1,PL,erwōj
mar1,SG,ña
mar1,SG,
mar1,SG,kwe
mar1,SG,e
mar1,DU_F,kōmro
mar1,DU_F,kōjro
mar1,DU_F,koṃro
mar1,DU_F,erro
mar1,TR_F,kōmjeel
mar1,TR_F,kōjjeel
mar1,TR_F,koṃjeel
mar1,TR_F,erjeel
mar1,PAUC_F,kōmjeeañ
mar1,PAUC_F,kōjeañ
mar1,PAUC_F,koṃjeeañ
mar1,PAUC_F,erjeeañ
mar1,PL,kōmwōj
mar1,PL,kōjwōj
mar1,PL,koṃwōj
mar1,PL,erwōj
upp1,SG,ja
upp1,DU,moj
upp1,PL,my
upp1,SG,mnje
upp1,SG,mje
upp1,DU,naju
upp1,PL,nas
upp1,SG,mni
upp1,SG,mi
upp1,DU,namaj
upp1,PL,namaj
upp1,SG,mnje
upp1,DU,mje
upp1,PL,naju
upp1,SG,nas
upp1,SG,mnu
upp1,DU,namaj
upp1,PL,nami
upp1,SG,mni
upp1,DU,namaj
upp1,PL,nas
upp1,SG,ty
upp1,DU,woj
upp1,PL,wy
upp1,SG,tebje
upp1,SG,ce
upp1,DU,waju
upp1,PL,was
upp1,SG,tebe
upp1,SG,ci
upp1,DU,wam
upp1,PL,wamaj
upp1,SG,tebje
upp1,SG,ce
upp1,DU,waju
upp1,PL,was
upp1,SG,tobu
upp1,DU,wamaj
upp1,PL,wami
upp1,SG,tebi
upp1,DU,wamaj
upp1,PL,was
upp1,SG,won
upp1,SG,wona
upp1,SG,wono
upp1,DU,wonaj
upp1,DU,wonej
upp1,PL,woni
upp1,PL,wonej
upp1,SG,njeho
upp1,SG,jeho
upp1,SG,njeje
upp1,SG,jeje
upp1,SG,njeho
upp1,SG,jeho
upp1,DU,njeju
upp1,DU,jeju
upp1,PL,nich
upp1,PL,jich
upp1,SG,njemu
upp1,SG,jemu
upp1,SG,njej
upp1,SG,jej
upp1,SG,njemu
upp1,SG,jemu
upp1,DU,nimaj
upp1,DU,jimaj
upp1,PL,nim
upp1,PL,jim
upp1,SG,njeho
upp1,SG,jeho
upp1,SG,njon
upp1,SG,jon
upp1,SG,nju
upp1,SG,ju
upp1,SG,nje
upp1,SG,njo
upp1,SG,je
upp1,SG,jo
upp1,DU,njeju
upp1,DU,jeju
upp1,DU,njej
upp1,DU,jej
upp1,PL,nich
upp1,PL,jich
upp1,PL,nje
upp1,PL,je
upp1,SG,nimaj
upp1,SG,njej
upp1,SG,nim
upp1,DU,nimaj
upp1,PL,nimi
upp1,SG,nim
upp1,SG,njej
upp1,SG,nim
upp1,DU,nimaj
upp1,PL,nich
upp1,SG,
upp1,SG,a
upp1,SG,u
upp1,SG,ej
upp1,SG,om
upp1,SG,u
upp1,SG,e
upp1,SG,o
upp1,SG,e
upp1,SG,o
upp1,DU,ej
upp1,DU,aj
upp1,DU,ow
upp1,DU,omaj
upp1,DU,omaj
upp1,DU,omaj
upp1,PL,ojo
upp1,PL,ojo
upp1,PL,a
upp1,PL,e
upp1,PL,y
upp1,PL,i
upp1,PL,ow
upp1,PL,i
upp1,PL,ow
upp1,PL,am
upp1,PL,emi
upp1,PL,ami
upp1,PL,ach
upp1,SG,a
upp1,SG,
upp1,SG,e
upp1,SG,y
upp1,SG,i
upp1,SG,i
upp1,SG,y
upp1,SG,e
upp1,SG,u
upp1,SG,
upp1,SG,u
upp1,DU,i
upp1,DU,y
upp1,DU,e
upp1,DU,ow
upp1,DU,omaj
upp1,PL,e
upp1,PL,y
upp1,PL,i
upp1,PL,ow
upp1,PL,am
upp1,PL,emi
upp1,PL,ami
upp1,PL,ach
upp1,SG,e
upp1,SG,o
upp1,SG,a
upp1,SG,u
upp1,SG,om
upp1,SG,u
upp1,SG,i
upp1,SG,y
upp1,SG,e
upp1,SG,i
upp1,SG,ow
upp1,SG,omaj
upp1,SG,a
upp1,SG,i
upp1,SG,ow
upp1,SG,am
upp1,SG,emi
upp1,SG,ami
upp1,SG,ach
rit1,SG,s
rit1,SG,m
rit1,SG,am
rit1,SG,m
rit1,SG,ā
rit1,SG,e
rit1,SG,as
rit1,SG,as
rit1,SG,i
rit1,SG,s
rit1,SG,
rit1,DU,au
rit1,DU,ī
rit1,DU,au
rit1,DU,ī
rit1,DU,bhyām
rit1,DU,bhyām
rit1,DU,bhyām
rit1,DU,os
rit1,DU,os
rit1,DU,au
rit1,DU,ī
rit1,PL,as
rit1,PL,i
rit1,PL,as
rit1,PL,i
rit1,PL,bhis
rit1,PL,bhyas
rit1,PL,bhyas
rit1,PL,ām
rit1,PL,su
rit1,PL,as
rit1,PL,i
rit1,SG,rāmaḥ
rit1,SG,rāmam
rit1,SG,rāmeṇa
rit1,SG,rāmāya
rit1,SG,rāmāt
rit1,SG,rāmasya
rit1,SG,rāme
rit1,SG,rāma
rit1,DU,rāmau
rit1,DU,rāmau
rit1,DU,rāmābhyām
rit1,DU,rāmābhyām
rit1,DU,rāmābhyām
rit1,DU,rāmayoḥ
rit1,DU,rāmayoḥ
rit1,DU,rāmau
rit1,PL,rāmāḥ
rit1,PL,rāmān
rit1,PL,rāmaiḥ
rit1,PL,rāmebhyaḥ
rit1,PL,rāmebhyaḥ
rit1,PL,rāmāṇām
rit1,PL,rāmeṣu
rit1,PL,rāmāḥ
rit1,SG,āsyam
rit1,SG,āsyàm
rit1,SG,āsyèna
rit1,SG,āsyā̀ya
rit1,SG,āsyāt
rit1,SG,āsyasya
rit1,SG,āsye
rit1,SG,āsya
rit1,DU,āsye
rit1,DU,āsye
rit1,DU,āsyā̀bhyām
rit1,DU,āsyābhyām
rit1,DU,āsyābhyām
rit1,DU,āsyayoḥ
rit1,DU,āsyayoḥ
rit1,DU,āsye
rit1,PL,āsyāni
rit1,PL,āsyāni
rit1,PL,āsyaìḥ
rit1,PL,āsyebhyaḥ
rit1,PL,āsyebhyaḥ
rit1,PL,āsyānām
rit1,PL,āsyeṣu
rit1,PL,āsyā̀ni
rit1,SG,kāntā
rit1,SG,kāntām
rit1,SG,kāntayā
rit1,SG,kāntāyai
rit1,SG,kāntāyāḥ
rit1,SG,kāntāyāḥ
rit1,SG,kāntāyām
rit1,SG,kānte
rit1,DU,kānte
rit1,DU,kānte
rit1,DU,kāntābhyām
rit1,DU,kāntābhyām
rit1,DU,kāntābhyām
rit1,DU,kāntayoḥ
rit1,DU,kāntayoḥ
rit1,DU,kānte
rit1,PL,kāntāḥ
rit1,PL,kāntāḥ
rit1,PL,kāntābhiḥ
rit1,PL,kāntābhyaḥ
rit1,PL,kāntābhyaḥ
rit1,PL,kāntānām
rit1,PL,kāntāsu
rit1,PL,kāntāḥ
rit1,SG,gátiḥ
rit1,SG,gátim
rit1,SG,gátyā
rit1,SG,gátaye
rit1,SG,gátyāi
rit1,SG,gáteḥ
rit1,SG,gátyāḥ
rit1,SG,gáteḥ
rit1,SG,gáteḥ
rit1,SG,gátāu
rit1,SG,gátyām
rit1,SG,gáte
rit1,DU,gátī
rit1,DU,gátī
rit1,DU,gátibhyām
rit1,DU,gátibhyām
rit1,DU,gátibhyām
rit1,DU,gátyoḥ
rit1,DU,gátyoḥ
rit1,DU,gátī
rit1,PL,gátayaḥ
rit1,PL,gátīḥ
rit1,PL,gátibhiḥ
rit1,PL,gátibhyaḥ
rit1,PL,gátibhyaḥ
rit1,PL,gátīnām
rit1,PL,gátiṣu
rit1,PL,gátayaḥ
rit1,SG,vā́ri
rit1,SG,vā́ri
rit1,SG,vā́riṇā
rit1,SG,vā́riṇe
rit1,SG,vā́riṇaḥ
rit1,SG,vā́riṇaḥ
rit1,SG,vā́riṇi
rit1,SG,vā́ri
rit1,SG,vā́re
rit1,DU,vā́riṇī
rit1,DU,vā́riṇī
rit1,DU,vā́ribhyām
rit1,DU,vā́ribhyām
rit1,DU,vā́ribhyām
rit1,DU,vā́riṇoḥ
rit1,DU,vā́riṇoḥ
rit1,DU,vā́riṇī
rit1,PL,vā́rīṇi
rit1,PL,vā́rīṇi
rit1,PL,vā́ribhiḥ
rit1,PL,vā́ribhyaḥ
rit1,PL,vā́ribhyaḥ
rit1,PL,vā́riṇyām
rit1,PL,vā́riṣu
rit1,PL,vā́rīṇi
rit1,PL,śátruḥ
rit1,PL,śátrum
rit1,PL,śátruṇā
rit1,PL,śátrave
rit1,PL,śátroḥ
rit1,PL,śátroḥ
rit1,PL,śátrāu
rit1,DU,śátro
rit1,DU,śátrū
rit1,DU,śátrū
rit1,DU,śátrubhyām
rit1,DU,śátrubhyām
rit1,DU,śátrubhyām
rit1,DU,śátrvoḥ
rit1,DU,śátrvoḥ
rit1,DU,śátrū
rit1,PL,śátravaḥ
rit1,PL,śátrūn
rit1,PL,śátrubhiḥ
rit1,PL,śátrubhyaḥ
rit1,PL,śátrubhyaḥ
rit1,PL,śátrūṇām
rit1,PL,śátruṣu
rit1,PL,śátravaḥ
rit1,SG,mádhu
rit1,SG,mádhu
rit1,SG,mádhunā
rit1,SG,mádhune
rit1,SG,mádhunaḥ
rit1,SG,mádhunaḥ
rit1,SG,mádhuni
rit1,SG,mádhu
rit1,DU,mádhunī
rit1,DU,mádhunī
rit1,DU,mádhubhyām
rit1,DU,mádhubhyām
rit1,DU,mádhubhyām
rit1,DU,mádhunoḥ
rit1,DU,mádhunoḥ
rit1,DU,mádhunī
rit1,PL,mádhūni
rit1,PL,mádhūni
rit1,PL,mádhubhiḥ
rit1,PL,mádhubhyaḥ
rit1,PL,mádhubhyaḥ
rit1,PL,mádhūnām
rit1,PL,mádhuṣu
rit1,PL,mádhūni
rit1,SG,jā́s
rit1,SG,jā́m
rit1,SG,jā́
rit1,SG,jé
rit1,SG,jás
rit1,SG,jás
rit1,SG,jí
rit1,SG,jā́s
rit1,DU,jāú
rit1,DU,jāú
rit1,DU,jā́bhyām
rit1,DU,jā́bhyām
rit1,DU,jā́bhyām
rit1,DU,jós
rit1,DU,jós
rit1,DU,jāú
rit1,PL,jā́s
rit1,PL,jā́s
rit1,PL,jás
rit1,PL,jā́bhis
rit1,PL,jā́bhyas
rit1,PL,jā́bhyas
rit1,PL,jā́nām
rit1,PL,jā́m
rit1,PL,jā́su
rit1,PL,jā́s
rit1,SG,dhī́s
rit1,SG,dhíyam
rit1,SG,dhiyā́
rit1,SG,dhiyé
rit1,SG,dhiyāí
rit1,SG,dhiyás
rit1,SG,dhiyā́s
rit1,SG,dhiyás
rit1,SG,dhiyā́s
rit1,SG,dhiyí
rit1,SG,dhiyā́m
rit1,SG,dhī́s
rit1,DU,dhíyāu
rit1,DU,dhíyāu
rit1,DU,dhībhyā́m
rit1,DU,dhībhyā́m
rit1,DU,dhībhyā́m
rit1,DU,dhiyós
rit1,DU,dhiyós
rit1,DU,dhiyāu
rit1,PL,dhíyas
rit1,PL,dhíyas
rit1,PL,dhībhís
rit1,PL,dhībhyás
rit1,PL,dhībhyás
rit1,PL,dhiyā́m
rit1,PL,dhīnā́m
rit1,PL,dhīṣú
rit1,PL,dhíyas
rit1,SG,bhū́s
rit1,SG,bhúvam
rit1,SG,bhuvā́
rit1,SG,bhuvé
rit1,SG,bhuvāí
rit1,SG,bhuvás
rit1,SG,bhuvā́s
rit1,SG,bhuvás
rit1,SG,bhuvā́s
rit1,SG,bhuví
rit1,SG,bhuvā́m
rit1,SG,bhū́s
rit1,DU,bhúvāu
rit1,DU,bhúvāu
rit1,DU,bhūbhyā́m
rit1,DU,bhūbhyā́m
rit1,DU,bhūbhyā́m
rit1,DU,bhuvós
rit1,DU,bhuvós
rit1,DU,bhuvāu
rit1,PL,bhúvas
rit1,PL,bhúvas
rit1,PL,bhūbhís
rit1,PL,bhūbhyás
rit1,PL,bhūbhyás
rit1,PL,bhuvā́m
rit1,PL,bhūnā́m
rit1,PL,bhūṣú
rit1,PL,bhúvas
rit1,SG,aham
rit1,SG,mām
rit1,SG,mā
rit1,SG,mayā
rit1,SG,mahyam
rit1,SG,mat
rit1,SG,mama
rit1,SG,mayi
rit1,DU,āvām
rit1,DU,āvām
rit1,DU,āvābhyām
rit1,DU,āvābhyām
rit1,DU,āvābhyām
rit1,DU,āvayoḥ
rit1,DU,āvayoḥ
rit1,PL,vayam
rit1,PL,asmān
rit1,PL,asmābhiḥ
rit1,PL,asmabhyam
rit1,PL,asmat
rit1,PL,asmākam
rit1,PL,asmāsu
rit1,SG,tvam
rit1,SG,tvām
rit1,SG,tvayā
rit1,SG,tubhyam
rit1,SG,tvat
rit1,SG,tava
rit1,SG,tvayi
rit1,DU,yuvām
rit1,DU,yuvām
rit1,DU,yuvābhyām
rit1,DU,yuvābhyām
rit1,DU,yuvābhyām
rit1,DU,yuvayoḥ
rit1,DU,yuvayoḥ
rit1,PL,yūyam
rit1,PL,yuṣmān
rit1,PL,yuṣmābhiḥ
rit1,PL,yuṣmabhyam
rit1,PL,yuṣmat
rit1,PL,yuṣmākam
rit1,PL,yuṣmāsu
rit1,SG,tas
rit1,SG,sas
rit1,SG,tam
rit1,SG,taina
rit1,SG,tasmāi
rit1,SG,tasmāt
rit1,SG,tasyas
rit1,SG,tasmin
rit1,DU,tāu
rit1,DU,tāu
rit1,DU,tābhyām
rit1,DU,tābhyām
rit1,DU,tābhyām
rit1,DU,tayaus
rit1,DU,tayaus
rit1,DU,taina
rit1,PL,tān
rit1,PL,taibhis
rit1,PL,tāis
rit1,PL,taibhis
rit1,PL,taibhis
rit1,PL,taiṣām
rit1,PL,taiṣu
rit1,SG,tat
rit1,SG,tat
rit1,SG,taina
rit1,SG,tasmāi
rit1,SG,tasmāt
rit1,SG,tasyas
rit1,SG,tasmin
rit1,DU,tai
rit1,DU,tai
rit1,DU,tābhyām
rit1,DU,tābhyām
rit1,DU,tābhyām
rit1,DU,tayaus
rit1,DU,tayaus
rit1,PL,tāni
rit1,PL,tāni
rit1,PL,taibhis
rit1,PL,tāis
rit1,PL,taibhyas
rit1,PL,taibhyas
rit1,PL,taiṣām
rit1,PL,taiṣu
rit1,SG,tā
rit1,SG,sā
rit1,SG,tām
rit1,SG,tayā
rit1,SG,tasyāi
rit1,SG,tasyās
rit1,SG,tasyās
rit1,SG,tasyām
rit1,DU,tai
rit1,DU,tai
rit1,DU,tābhyām
rit1,DU,tābhyām
rit1,DU,tābhyām
rit1,DU,tayaus
rit1,DU,tayaus
rit1,PL,tās
rit1,PL,tās
rit1,PL,tābhis
rit1,PL,tābhyas
rit1,PL,tābhyas
rit1,PL,tābhyas
rit1,PL,tāsu
rri1,SG,ngayi
rri1,DU,ngarrgu
rri1,TR_F,ngarrgunime
rri1,PL,ngagurr
rri1,SG,ngi
rri1,SG,ngay
rri1,TR_F,nime
rri1,SG,ngi
rri1,SG,ngindi
rri1,SG,nyi
rri1,SG,
rri1,SG,
rri1,SG,ngiti
rri1,SG,mbi
rri1,SG,ne
rri1,SG,nge
rri1,DU,nin
rri1,DU,ngirrki
rri1,DU,nirrki
rri1,DU,dirrki
rri1,DU,wurrki
rri1,PL,ninnime
rri1,PL,ngirrki
rri1,PL,nirrki
rri1,PL,dirrki
rri1,PL,wurrki
rri1,PL,wirr
yel1,PL,nim
yel1,SG,ngi
yel1,SG,gini
yel1,SG,gini
yel1,SG,ngu
yel1,SG,fa
yel1,SG,gu
yel1,SG,ngi
yel1,SG,gini
yel1,SG,ga
yel1,SG,gumbu
yel1,SG,ngu
yel1,SG,a
yel1,SG,gu
yel1,SG,ngumbu
yel1,SG,ngi
kwa1,SG,
kwa1,SG,ngayuwa
kwa1,SG,ngungkuwa
kwa1,SG,enuwa
kwa1,SG,ngaluwa
kwa1,DU,yakuwa
kwa1,DU,yinuwa
kwa1,DU,nungkwurnuwa
kwa1,DU,aburnuwa
kwa1,DU,yakuwa
kwa1,DU,yirringuwa
kwa1,DU,nungkwurruguwa
kwa1,DU,aburrunguwa
kwa1,TR_F,ngarrubukwurruwa
kwa1,TR_F,yirribukwurruwa
kwa1,TR_F,nungkwurrubukwurruwa
kwa1,TR_F,aburrubukwurruwa
kwa1,PL,ngakwurruwa
kwa1,PL,yirruwa
kwa1,PL,nungkwurruwa
kwa1,PL,aburruwa
kwa1,DU,langwa
kwa1,TR_F,langwa
kwa1,PL,langwa
kwa1,PL,langwa
kwa1,TR_F,rra
kwa1,PL,rra
kwa1,PL,ngarri
kwa1,PL,yirri
kwa1,PL,kwirri
kwa1,PL,wirri
kwa1,DU,yirringi
kwa1,DU,yini
kwa1,DU,kwirringi
kwa1,DU,kwini
kwa1,DU,wirringi
kwa1,DU,ningkwirrinaga
kwa1,DU,ningkwirrini
kwa1,DU,wini
kwa1,SG,yi
kwa1,SG,ningi
kwa1,SG,ninkwi
kwa1,SG,thi
kwa1,SG,ni
kwa1,SG,yi
kwa1,SG,a
kwa1,SG,mwi
kwa1,DU,ngi
kwa1,DU,ni
kwa1,TR_F,pwikwi
kwa1,DU,wiyi
kwa1,PL,wiyi
kwa1,PL,wirra
kwa1,PL,wirra
kwa1,PL,ima
kwa1,PL,tha
kwa1,PL,ni
kwa1,PL,yi
kwa1,PL,a
kwa1,PL,mwa
kwa1,SG,naningkarpwa
kwa1,DU,winingkwarpwa
kwa1,PL,warningkwarpa
kwa1,SG,thitharraingka
kwa1,DU,wirringathitharringka
kwa1,PL,wirrathitharringka
kwa1,SG,arimwa
kwa1,DU,arimwikwiya
kwa1,PL,arimwawiya
kwa1,DU,kwiyi
kwa1,PL,mwirriyi
kwa1,SG,mwirriyi
kwa1,SG,pwi
kwa1,PL,wiyi
kwa1,DU,pwi
kwa1,PL,pwi
kwa1,DU,ya
kwa1,TR_F,ya
kwa1,PL,ya
kwa1,DU,ningkwi
kwa1,TR_F,ningkwi
kwa1,PL,ningkwi
kwa1,DU,apwi
kwa1,TR_F,apwi
kwa1,PL,apwi
kwa1,DU,nga
kwa1,TR_F,nga
kwa1,PL,nga
kwa1,DU,ni
kwa1,TR_F,ni
kwa1,PL,ni
kwa1,DU,pwikwirra
kwa1,TR_F,pwikwirra
kwa1,PL,pwikwirra
kwa1,DU,tri
kwa1,TR_F,tri
kwa1,PL,tri
kwa1,SG,yakwi
kwa1,SG,ngaya
kwa1,SG,ningkwi
kwa1,SG,nga
kwa1,SG,nga
kwa1,SG,ani
kwa1,SG,yi
kwa1,SG,a
kwa1,SG,mwa
kwa1,SG,ngalha
kwa1,SG,ni
kwa1,PL,ngakwirri
kwa1,PL,yirri
kwa1,PL,ningkwirri
kwa1,PL,apwirri
kwa1,DU,yirringa
kwa1,DU,yirringi
kwa1,DU,yini
kwa1,DU,ningkwirringi
kwa1,DU,ningkwirni
kwa1,DU,ningkwini
kwa1,DU,apwirringi
kwa1,DU,apwirringa
kwa1,SG,apwirni
kwa1,SG,apwirrini
kwa1,SG,apwini
kwa1,SG,yakwi
kwa1,SG,ngayi
kwa1,SG,ningwki
kwa1,SG,ngalhi
kwa1,SG,ani
kwa1,SG,yingalhi
kwa1,SG,angalhi
kwa1,SG,mwingalhi
kwa1,TR_F,yirripwikwirra
kwa1,TR_F,ngarripwikwirra
kwa1,TR_F,ningkwirripwikwirra
kwa1,TR_F,apwirripwikwirra
kwa1,PL,yirra
kwa1,PL,ngakwirra
kwa1,PL,ningkwirra
kwa1,PL,apwirra
mas1,SG,mo
mas1,SG,rra
mas1,SG,nou
mas1,DU,nimoto
mas1,DU,nigoto
mas1,DU,neito
mas1,TR,nimoibi
mas1,TR,nigoibi
mas1,TR,neibi
mas1,PL,nimo
mas1,PL,nigo
mas1,PL,nei
mas1,SG,ama
mas1,SG,mi
mas1,DU,kapa
mas1,DU,kapwa
mas1,PAUC,paNkt
mas1,PAUC,paNkt
mas1,PL,ipa
mas1,PL,ipwa
mas1,PL,ipa
mas1,PL,ipwa
mas1,PL,ay
mas1,DU,ka
mas1,SG,na
mas1,SG,
mas1,DU,rm
mas1,DU,trm
mas1,PL,nkat
mas1,PL,ntt
mas1,PL,am
mas1,PL,um
mas1,PL,i
mas1,SG,kn
mas1,DU,rm
mas1,PL,ump
mas1,SG,kn
mas1,SG,maN
mas1,DU,mprum
mas1,PL,rm
mas1,PL,mput
mas1,SG,nmaN
mas1,DU,nprump
mas1,PL,mput
mas1,SG,
mas1,DU,ntrm
mas1,PL,ay
mas1,PL,wi
mas1,PL,Nkat
mas1,SG,kn
mas1,DU,ntrm
mas1,PL,ump
mas1,SG,kn
mas1,SG,um
mas1,DU,unji
mas1,DU,ul
mas1,DU,il
mas1,PL,ji
mas1,SG,
mas1,SG,pwi
mas1,SG,k
mas1,SG,m
mas1,SG,n
mas1,SG,N
mas1,SG,ntrm
mas1,SG,r
mas1,SG,l
mas1,SG,i
mas1,SG,y
mas1,SG,c
mas1,SG,kn
mas1,DU,ntrm
mas1,PL,Nkat
mas1,DU,rm
mas1,PL,at
mas1,DU,tm
mas1,PL,kat
mas1,DU,tm
mas1,PL,ra
mas1,DU,tm
mas1,PL,kat
mas1,DU,rm
mas1,PL,kat
mas1,DU,Ncrm
mas1,PL,Nct
mas1,DU,na
mas1,PL,tma
mas1,PL,ya
mas1,SG,
mas1,DU,trm
mas1,PL,tt
mas1,SG,maN
mas1,DU,maNkl
mas1,PL,maNki
mas1,SG,kaNk
mas1,DU,kaNkl
mas1,PL,kaNki
mas1,SG,
mas1,DU,kl
mas1,PL,k
mas1,SG,mp
mas1,SG,kamp
mas1,DU,kampl
mas1,PL,kara
mas1,DU,mpl
mas1,PL,at
mas1,PL,a
mas1,PL,i
mas1,SG,
mas1,DU,l
mas1,PL,Cmpt
mas1,PL,i
mas1,PL,a
mas1,DU,ra
mas1,SG,
mas1,DU,ut
mas1,PL,ut
mas1,SG,aw
mas1,DU,awl
mas1,PL,ut
mas1,SG,ma
mas1,DU,mawl
mas1,PL,mawt
mas1,SG,ka
mas1,DU,kawl
mas1,PL,kawt
mas1,SG,
mas1,DU,wl
mas1,PL,ut
mas1,DU,l
mas1,PL,at
mas1,PL,i
mas1,PL,at
mas1,PAUC,paNkra
mas1,PAUC,paNkra
mas1,SG,amuk
mas1,SG,anak
mas1,SG,kak/ akk
mas1,SG,papk/ apk
mas1,SG,aykk/ ayk
mas1,SG,ayak/ yak
mas1,SG,kawk/ akuk
mas1,DU,antmak
mas1,DU,amulak
mas1,DU,antmak
mas1,DU,aklak
mas1,DU,aplak
mas1,DU,alak
mas1,DU,wawlak
mas1,DU,akulak
mas1,PL,papuk
mas1,PL,arak
mas1,PL,arak
mas1,PL,akiak
mas1,PL,arak
mas1,PL,arak
mas1,PL,awrak
mas1,PL,arak
mir1,DU,ey
mir1,PAUC,kem
mir1,PL,kem
mir1,PAUC,iba
mir1,PAUC,ibi
mir1,PAUC,kem
mir1,PL,kem
mir1,PL,kem
mir1,DU,ey
mir1,DU,ey
mir1,SG,ka
mir1,SG,ki
mir1,SG,mi
mir1,SG,ma
mir1,SG,wa
mir1,SG,e
mir1,SG,wi
mir1,SG,kari
mir1,SG,kerbi
mir1,SG,merbi
mir1,SG,mari
mir1,SG,wabi
mir1,SG,abi
mir1,SG,wiyabiyabi
mir1,SG,kara
mir1,SG,keriba
mir1,SG,meriba
mir1,SG,mara
mir1,SG,wabi
mir1,SG,arbra
mir1,SG,wiyabayaba
bou1,PL,munu
bou1,PAUC,mudou
bou1,DU,mudrau
bou1,SG,io
bou1,SG,qu
bou1,SG,mu
bou1,SG,na
bou1,DU,mudrau
bou1,PAUC,mudou
bou1,PL,munuu
bou1,PAUC,dratou
bou1,PL,dra
bou1,SG,auu
bou1,SG,au
bou1,SG,yau
bou1,SG,qu
bou1,SG,qou
bou1,SG,qau
bou1,SG,meqau
bou1,SG,o
bou1,SG,io
bou1,SG,io
bou1,SG,mu
bou1,SG,omu
bou1,SG,emu
bou1,SG,memu
bou1,SG,e
bou1,SG,ea
bou1,SG,ea
bou1,SG,na
bou1,SG,ona
bou1,SG,ena
bou1,SG,mena
bou1,DU,etaru
bou1,DU,eetaru
bou1,DU,eetaru
bou1,DU,i
bou1,DU,weetaru
bou1,DU,ootaru
bou1,DU,eetaru
bou1,DU,meetaru
bou1,DU,eirau
bou1,DU,eirau
bou1,DU,eirau
bou1,DU,i
bou1,DU,weirau
bou1,DU,eirau
bou1,DU,meirau
bou1,DU,omudrau
bou1,DU,odrau
bou1,DU,emudrau
bou1,DU,emudrau
bou1,DU,mudrau
bou1,DU,omudrau
bou1,DU,emudrau
bou1,DU,memudrau
bou1,DU,erau
bou1,DU,rau
bou1,DU,irau
bou1,DU,drau
bou1,DU,oodrau
bou1,DU,eedrau
bou1,DU,meedrau
bou1,PAUC,tou
bou1,PAUC,etatou
bou1,PAUC,etatou
bou1,PAUC,i
bou1,PAUC,wetatou
bou1,PAUC,otatou
bou1,PAUC,etatou
bou1,PAUC,metatou
bou1,PAUC,eitou
bou1,PAUC,eitou
bou1,PAUC,eitou
bou1,PAUC,i
bou1,PAUC,weitou
bou1,PAUC,eitou
bou1,PAUC,meitou
bou1,PAUC,omudou
bou1,PAUC,emudou
bou1,PAUC,emudou
bou1,PAUC,emudou
bou1,PAUC,mudou
bou1,PAUC,omudou
bou1,PAUC,emudou
bou1,PAUC,memudou
bou1,PAUC,eratou
bou1,PAUC,iratou
bou1,PAUC,iratou
bou1,PAUC,dratou
bou1,PAUC,odratou
bou1,PAUC,edatou
bou1,PAUC,medratou
bou1,PL,eta
bou1,PL,eta
bou1,PL,eta
bou1,PL,i
bou1,PL,wetaota
bou1,PL,eta
bou1,PL,meta
bou1,PL,eimami
bou1,PL,eimami
bou1,PL,eimami
bou1,PL,i
bou1,PL,weimami
bou1,PL,eimami
bou1,PL,meimami
bou1,PL,omunuu
bou1,PL,onuu
bou1,PL,emunuu
bou1,PL,emunuu
bou1,PL,emunuu
bou1,PL,omunnu
bou1,PL,emunuu
bou1,PL,era
bou1,PL,ira
bou1,PL,ira
bou1,PL,dra
bou1,PL,odra
bou1,PL,edra
bou1,PL,medra
bou1,SG,qu
bou1,SG,
bou1,SG,mu
bou1,SG,na
bou1,DU,irau
bou1,DU,daru
bou1,DU,mudrau
bou1,DU,drau
bou1,PAUC,itou
bou1,PAUC,datou
bou1,PAUC,mudou
bou1,PAUC,dratou
bou1,PL,imami
bou1,PL,da
bou1,PL,muni
bou1,PL,dra
paa1,SG,k
paa1,SG,
paa1,SG,m
paa1,SG,n
paa1,DU,ralu
paa1,DU,mal
paa1,DU,mil
paa1,DU,alu
paa1,DU,ialu
paa1,DU,ialu
paa1,PAUC,ratel
paa1,PAUC,maitel
paa1,PAUC,mitel
paa1,PAUC,atel
paa1,PAUC,iatel
paa1,PAUC,latel
paa1,SG,ku
paa1,SG,
paa1,SG,mo
paa1,SG,ne
paa1,DU,ralue
paa1,DU,malu
paa1,DU,milu
paa1,DU,lalue
paa1,PAUC,ratelu
paa1,PAUC,maitelu
paa1,PAUC,miitelu
paa1,PAUC,latelu
paa1,PL,re
paa1,PL,mai
paa1,PL,miitelu
paa1,PL,le
paa1,PL,r
paa1,PL,maitel
paa1,PL,mi
paa1,PL,
paa1,PL,i
paa1,PL,l
paa1,SG,tauku
paa1,SG,
paa1,SG,taumo
paa1,SG,taune
paa1,SG,siiku
paa1,SG,
paa1,SG,siimo
paa1,SG,siine
paa1,SG,leviku
paa1,SG,
paa1,SG,levimo
paa1,SG,levine
paa1,SG,vangeku
paa1,SG,
paa1,SG,vangemo
paa1,SG,vangene
paa1,DU,tauralue
paa1,DU,taumalu
paa1,DU,taumilu
paa1,DU,taulalue
paa1,DU,siiralue
paa1,DU,siimalu
paa1,DU,siimilu
paa1,DU,siilalue
paa1,DU,leviralue
paa1,DU,levimalu
paa1,DU,levimilu
paa1,DU,levilalue
paa1,DU,vangeralue
paa1,DU,vangemalu
paa1,DU,vangemilu
paa1,DU,vangelalue
paa1,DU,tauratelu
paa1,PAUC,taumaitel
paa1,PAUC,taumiitelu
paa1,PAUC,taulatelu
paa1,PAUC,siiratelu
paa1,PAUC,siimaitelu
paa1,PAUC,siimiitelu
paa1,PAUC,siilatelu
paa1,PAUC,leviratelu
paa1,PAUC,levimaitelu
paa1,PAUC,levimiitelu
paa1,PAUC,levilatelu
paa1,PAUC,vangeratelu
paa1,PAUC,vangemaitelu
paa1,PAUC,vangemiitelu
paa1,PAUC,vangelatelu
paa1,PL,taure
paa1,PL,taumaitel
paa1,PL,taumiitelu
paa1,PL,taule
paa1,PL,siire
paa1,PL,siimaitelu
paa1,PL,siimiitelu
paa1,PL,siile
paa1,PL,levire
paa1,PL,levimaitelu
paa1,PL,levimiitelu
paa1,PL,levile
paa1,PL,vangere
paa1,PL,vangemai
paa1,PL,vangemii
paa1,PL,vangele
paa1,SG,inau
paa1,SG,
paa1,SG,kaiko
paa1,SG,kaie
paa1,DU,ialue
paa1,DU,komalu
paa1,DU,kamilu
paa1,DU,kailue
paa1,PAUC,iatelu
paa1,PAUC,komaitelu
paa1,PAUC,kamiitelu
paa1,PAUC,kaitelu
paa1,PL,iire
paa1,PL,komaitelu
paa1,PL,kamiitelu
paa1,PL,kaile
nam1,SG,gu
nam1,SG,m
nam1,SG,ng
nam1,SG,
nam1,DU,daru
nam1,DU,mairu
nam1,DU,mingru
nam1,DU,diaru
nam1,TR,dato
nam1,TR,maito
nam1,TR,mingto
nam1,TR,diato
nam1,PL,da
nam1,PL,ma
nam1,PL,ming
nam1,PL,di
nam1,SG,u
nam1,SG,m
nam1,SG,ku
nam1,SG,go
nam1,SG,i
nam1,SG,nga
nam1,PL,ta
nam1,PL,ki
nam1,PL,ka
nam1,PL,ga
nam1,PL,kama
nam1,PL,da
nam1,SG,a
nam1,SG,iko
nam1,SG,i
nam1,SG,
nam1,PL,kama
nam1,PL,kaming
nam1,PL,
nam1,SG,gu
nam1,SG,N
nam1,SG,
nam1,PL,ma
nam1,PL,da
nam1,PL,miN
nam1,PL,di
nam1,DU,ru
nam1,PAUC,to
nam1,PL,ngau
nam1,PL,nga
nam1,SG,kaiko
nam1,SG,kai
nam1,SG,ngai
nam1,DU,kitaru
nam1,DU,keru
nam1,DU,kamru
nam1,DU,diaru
nam1,TR,kitato
nam1,TR,keto
nam1,TR,kamto
nam1,TR,diato
nam1,PL,kita
nam1,PL,keka
nam1,PL,kam
nam1,PL,kakaming
nam1,PL,di
rym1,SG,ni
rym1,SG,neng
rym1,SG,nge
rym1,DU,kerong
rym1,DU,gemaro
rym1,DU,gomoro
rym1,DU,nyero
rym1,PAUC,kesul
rym1,PAUC,kensul
rym1,PAUC,gemasul
rym1,PAUC,gomosul
rym1,PAUC,nyesul
rym1,PL,kensul
rym1,PL,gema
rym1,PL,gimi
rym1,PL,nyer
rym1,SG,a
rym1,SG,k
rym1,SG,m
rym1,SG,n
rym1,SG,an
rym1,SG,te
rym1,DU,nemro
rym1,DU,ntaro
rym1,DU,mro
rym1,DU,ro
rym1,PAUC,nemsUl
rym1,PAUC,nsUl
rym1,PAUC,msUl
rym1,PAUC,rUl
rym1,SG,N
rym1,SG,m
rym1,SG,n
rym1,DU,maro
rym1,DU,nreN
rym1,DU,mro
rym1,DU,ro
rym1,PAUC,masUl
rym1,PAUC,NsUl
rym1,PAUC,msUl
rym1,PAUC,sUl
rym1,PL,nem
rym1,PL,r
rym1,PL,mi
rym1,PL,
rym1,PL,ma
rym1,PL,nken
rym1,PL,mi
rym1,PL,r
rym1,SG,ni
rym1,SG,nek
rym1,SG,nae
rym1,DU,genemro
rym1,DU,entaro
rym1,DU,gamro
rym1,DU,nero
rym1,PAUC,genemsUl
rym1,PAUC,ensUl
rym1,PAUC,gamsUl
rym1,PAUC,nerUl
rym1,PL,genem
rym1,PL,er
rym1,PL,gami
rym1,PL,Ne
rym1,SG,hak
rym1,SG,mak
rym1,SG,ak
rym1,SG,tek
rym1,SG,aik
rym1,SG,bk
rym1,SG,ham
rym1,SG,mam
rym1,SG,am
rym1,SG,tem
rym1,SG,aim
rym1,SG,bm
rym1,SG,han
rym1,SG,man
rym1,SG,an
rym1,SG,ten
rym1,SG,ain
rym1,SG,bn
rym1,DU,hanemro
rym1,DU,manemro
rym1,DU,anemro
rym1,DU,tenemro
rym1,DU,ainemro
rym1,DU,bnemro
rym1,DU,hantao
rym1,DU,mantaro
rym1,DU,antaro
rym1,DU,tentaro
rym1,DU,aintaro
rym1,DU,bntaro
rym1,DU,hamro
rym1,DU,mamro
rym1,DU,amro
rym1,DU,temro
rym1,DU,aimro
rym1,DU,bmro
rym1,DU,haro
rym1,DU,maro
rym1,DU,aro
rym1,DU,tero
rym1,DU,airo
rym1,DU,bro
rym1,PAUC,hanemsUl
rym1,PAUC,manemsUl
rym1,PAUC,anemsUl
rym1,PAUC,tenemsUk
rym1,PAUC,ainemsUk
rym1,PAUC,bnemsUl
rym1,PAUC,jhansUl
rym1,PAUC,mansUl
rym1,PAUC,ansUl
rym1,PAUC,tensUl
rym1,PAUC,ainsUl
rym1,PAUC,bnsUl
rym1,PAUC,hamsUl
rym1,PAUC,mansUl
rym1,PAUC,amsUl
rym1,PAUC,temsUl
rym1,PAUC,aimsUl
rym1,PAUC,bmsUl
rym1,PAUC,harUl
rym1,PAUC,marUl
rym1,PAUC,arUl
rym1,PAUC,terUl
rym1,PAUC,airUl
rym1,PAUC,brUl
rym1,PL,hanem
rym1,PL,manem
rym1,PL,anem
rym1,PL,tenem
rym1,PL,ainem
rym1,PL,bnem
rym1,PL,har
rym1,PL,mar
rym1,PL,ar
rym1,PL,ter
rym1,PL,air
rym1,PL,br
rym1,PL,hami
rym1,PL,mami
rym1,PL,ami
rym1,PL,temi
rym1,PL,aimi
rym1,PL,bmi
rym1,PL,ha
rym1,PL,ma
rym1,PL,a
rym1,PL,te
rym1,PL,ai
rym1,PL,b
rym1,SG,hubek
rym1,SG,hubem
rym1,SG,huben
rym1,DU,hubenemro
rym1,DU,hubentaro
rym1,DU,hubemro
rym1,DU,hubero
rym1,PAUC,hubenemsUl
rym1,PAUC,hubensUl
rym1,PAUC,hubemsUl
rym1,PAUC,huberUl
rym1,PL,hubenem
rym1,PL,huber
rym1,PL,hubemi
rym1,PL,hubo
aio1,PL,na
aio1,SG,nau
aio1,SG,o
aio1,PL,ni
aio1,SG,ngaia
aio1,SG,i nau
aio1,SG,ioo
aio1,SG,nhai a
aio1,DU,i daa
aio1,DU,emee
aio1,DU,omoo
aio1,DU,igaa
aio1,PAUC,idauru
aio1,PAUC,emeeru
aio1,PAUC,omooru
aio1,PAUC,igauru
aio1,PAUC,gia
aio1,PAUC,imani
aio1,PAUC,amiu
aio1,PAUC,giia
aio1,SG,ku
aio1,SG,ko
aio1,SG,oi
aio1,SG,ka
aio1,SG,e
aio1,DU,golo
aio1,SG,mele
aio1,SG,molo
aio1,SG,gala
aio1,PAUC,goru
aio1,PAUC,meru
aio1,PAUC,moru
aio1,PAUC,garu
aio1,PL,ki
aio1,PL,mi
aio1,PL,m
aio1,PL,gi la
aio1,SG,nau
aio1,SG,o
aio1,SG,ai
aio1,DU,adaa
aio1,DU,emee
aio1,DU,moo
aio1,DU,agaa
aio1,PAUC,adauru
aio1,PAUC,emeeru
aio1,PAUC,omooru
aio1,PAUC,ageuru
aio1,PL,gia
aio1,PL,amani
aio1,PL,amiu
aio1,PL,ga
aio1,SG,gu
aio1,SG,mu
aio1,SG,nai
aio1,DU,daaa
aio1,DU,meee
aio1,DU,mooo
aio1,DU,gaaa
aio1,PAUC,dauru
aio1,PAUC,meru
aio1,PAUC,moru
aio1,PAUC,agauru
aio1,PL,da
aio1,PL,mani
aio1,PL,miu
aio1,PL,gan
aio1,SG,ngai
aio1,SG,mo
aio1,SG,me
saa1,SG,u
saa1,SG,o
saa1,SG,er
saa1,PL,
saa1,PL,
saa1,PL,mui
saa1,PL,mu
saa1,PL,na
saa1,PL,na
saa1,SG,ineu
saa1,SG,nou
saa1,SG,nou
saa1,SG,ne
saa1,SG,ioe
saa1,SG,o
saa1,SG,ineie
saa1,SG,neie
saa1,SG,inei
saa1,SG,nei
saa1,SG,ne
saa1,SG,e
saa1,PL,ikie
saa1,PL,kie
saa1,PL,ikolu
saa1,PL,kolu
saa1,PL,iemi
saa1,PL,emi
saa1,PL,iemelu
saa1,PL,eeu
saa1,PL,melu
saa1,PL,iomu
saa1,PL,omu
saa1,PL,iomolu
saa1,PL,omolu
saa1,PL,molu
saa1,PL,ikire
saa1,PL,kire
saa1,PL,ikiraelu
saa1,PL,kiraelu
saa1,DU,ikure
saa1,DU,kure
saa1,DU,iemerei
saa1,DU,emerei
saa1,DU,merei
saa1,DU,mere
saa1,DU,iomori
saa1,DU,omori
saa1,DU,moroi
saa1,DU,moroi
saa1,DU,iomorue
saa1,DU,omorue
saa1,DU,ikirerue
saa1,DU,kirerue
saa1,DU,kererue
saa1,SG,au
saa1,SG,eu
saa1,PL,kie
saa1,PL,kolu
saa1,PL,emi
saa1,PL,melu
saa1,PL,omu
saa1,PL,molu
saa1,PL,ra
saa1,PL,re
saa1,PL,raelu
saa1,DU,i
saa1,DU,kure
saa1,DU,merei
saa1,DU,mere
saa1,DU,moroi
saa1,DU,moro
saa1,DU,rarue
saa1,DU,rerue
saa1,DU,rerui
saa1,PL,i
saa1,SG,ku
saa1,SG,mu
saa1,SG,na
saa1,SG,ne
saa1,DU,karai
saa1,DU,merei
saa1,DU,moroi
saa1,DU,moro
saa1,DU,darue
saa1,PL,ka
saa1,PL,ke
saa1,PL,kaelu
saa1,PL,mami
saa1,PL,memi
saa1,PL,melu
saa1,PL,miu
saa1,PL,molu
saa1,PL,darue
saa1,PL,de
saa1,PL,daelu
saa1,PL,ni
saa1,PL,atei
saa1,SG,akue
saa1,SG,akui
saa1,SG,ekue
saa1,SG,ekui
saa1,SG,amue
saa1,SG,amui
saa1,SG,emue
saa1,SG,emui
saa1,SG,ana
saa1,PL,aka
saa1,PL,akelu
saa1,PL,amami
saa1,PL,amelu
saa1,PL,amiu
saa1,PL,emui
saa1,PL,amolu
saa1,PL,ada
saa1,SG,ana
saa1,DU,amoro
saa1,PL,adaelu
saa1,PL,adalu
saa1,DU,akarai
saa1,DU,akarue
saa1,DU,amerue
saa1,DU,amoroi
saa1,DU,adarue
saa1,PL,ani
saa1,PL,mwai
saa1,PL,mwa
saa1,PL,maeni
nga1,SG,lau
nga1,SG,o
nga1,SG,lia
nga1,DU,gora
nga1,DU,mera
nga1,DU,mora
nga1,DU,daro
nga1,PAUC,golu
nga1,PAUC,meulu
nga1,PAUC,moulu
nga1,PAUC,daulu
nga1,PL,gia
nga1,PL,amiu
nga1,PL,amu
nga1,PL,gera
nga1,PL,e
nga1,SG,lia
nga1,SG,e
nga1,SG,
nga1,SG,ka
nga1,SG,ka†
nga1,SG,lau
nga1,SG,o
nga1,SG,lia
nga1,DU,gora
nga1,DU,ameroa
nga1,DU,amoroa
nga1,DU,daro
nga1,PAUC,golu
nga1,PAUC,ameulu
nga1,PAUC,amoulu
nga1,PAUC,daulu
nga1,PL,gia
nga1,PL,amami
nga1,PL,amiu
nga1,PL,gera
nga1,SG,gu
nga1,SG,mu
nga1,SG,la
nga1,DU,garoa
nga1,DU,meroa
nga1,DU,moroa
nga1,DU,daroa
nga1,PAUC,gaulu
nga1,PAUC,meulu
nga1,PAUC,moulu
nga1,PAUC,daulu
nga1,PL,ga
nga1,PL,mami
nga1,PL,miu
nga1,PL,da
nga1,SG,
nga1,SG,
nga1,SG,a
nga1,DU,
nga1,DU,
nga1,DU,
nga1,DU,daroa
nga1,PAUC,
nga1,PAUC,
nga1,PAUC,
nga1,PAUC,daulu
nga1,PL,
nga1,PL,
nga1,PL,
nga1,PL,da
nga1,SG,agua
nga1,SG,amua
nga1,SG,ala
nga1,DU,agaroa
nga1,DU,ameroa
nga1,DU,amoroa
nga1,DU,adaroa
nga1,PAUC,aguaulu
nga1,PAUC,ameulu
nga1,PAUC,amoulu
nga1,PAUC,adaulu
nga1,PL,aga
nga1,PL,amami
nga1,PL,amiu
nga1,PL,ada
nga1,SG,ta
nga1,DU,ta
nga1,PAUC,ta
nga1,SG,na
nga1,DU,na
nga1,PAUC,na
nga1,SG,te
nga1,DU,te
nga1,PAUC,te
nga1,PL,tali
nga1,PL,nali
nga1,PL,gi
nga1,DU,garoa
nga1,DU,daroa
nga1,PAUC,daulu
nga1,PL,da
lau1,SG,na
lau1,SG,sa
lau1,SG,ta
lau1,SG,te
lau1,SG,ke
lau1,SG,maae
lau1,SG,fe
lau1,SG,gi
lau1,PL,mwai
lau1,PL,ote
lau1,PL,gi
lau1,PL,gera
lau1,SG,inau
lau1,SG,nau
lau1,SG,gu
lau1,SG,ioe
lau1,SG,oe
lau1,SG,o
lau1,SG,ote
lau1,SG,inia
lau1,SG,nia
lau1,SG,ni
lau1,SG,e
lau1,PL,igia
lau1,PL,gia
lau1,PL,igolu
lau1,PL,golu
lau1,PL,igami
lau1,PL,gami
lau1,PL,mi
lau1,PL,igamelu
lau1,PL,gamelu
lau1,PL,igamu
lau1,PL,gamu
lau1,PL,igamolu
lau1,PL,gamolu
lau1,PL,igera
lau1,PL,gera
lau1,PL,da
lau1,PL,idalu
lau1,PL,dalu
lau1,DU,igoro
lau1,DU,goro
lau1,DU,igamere
lau1,DU,gamere
lau1,DU,igamoro
lau1,DU,gamoro
lau1,DU,idaro
lau1,DU,daro
lau1,PL,gi
lau1,SG,mu
lau1,SG,na
lau1,SG,agu
lau1,SG,aguaa
lau1,SG,amu
lau1,SG,amua
lau1,SG,ana
lau1,SG,nana
lau1,PL,aga
lau1,PL,agolu
lau1,PL,nagolua
lau1,PL,agami
lau1,PL,agamelu
lau1,PL,nagamelua
lau1,PL,agamu
lau1,PL,agamolu
lau1,PL,amolua
lau1,PL,nagamolua
lau1,PL,agera
lau1,PL,ada
lau1,PL,adalu
lau1,DU,agaro
lau1,DU,agoroa
lau1,DU,agamere
lau1,DU,agamoro
lau1,DU,agamoroa
lau1,DU,adaro
lau1,DU,nadaroa
lau1,PL,gi
lau1,SG,a
tha1,SG,ngay
tha1,SG,
tha1,SG,nhinhi
tha1,SG,nukunu
tha1,SG,nigunu
tha1,DU,nganku
tha1,DU,ngankunintha
tha1,DU,ngankungintha
tha1,DU,neki
tha1,DU,nanku
tha1,DU,nankunintha
tha1,DU,nankungintha
tha1,DU,piguna
tha1,DU,penintha
tha1,DU,peningintha
tha1,PAUC,nganki
tha1,PAUC,ngankuneme
tha1,PAUC,ngankungime
tha1,PAUC,nganki
tha1,PAUC,nekineme
tha1,PAUC,nekingime
tha1,PAUC,nanki
tha1,PAUC,nankuneme
tha1,PAUC,nankungime
tha1,PAUC,pigunu
tha1,PAUC,peneme
tha1,PAUC,peningime
tha1,PL,nganki
tha1,PL,neki
tha1,PL,nanki
tha1,PL,pigunu
tha1,SG,bam
tha1,DU,pubamka
tha1,PAUC,pubamka
tha1,PL,ngime
tha1,PAUC,pubam
tha1,PL,pubam
tha1,DU,ngintha
tha1,DU,nintha
tha1,SG,ngintha
tha1,SG,nintha
tha1,DU,ngime
tha1,DU,neme
tha1,PAUC,ngime
tha1,PAUC,neme
tha1,SG,ma
tha1,PL,puy
tha1,DU,dani
tye1,PL,amerne
tye1,GPL,eynenge
tye1,DU,therre
tye1,SG,
tye1,DU,tir
tye1,DU,nin
tye1,PL,amerne
tye1,PL,amerne
tye1,PL,amernewe
tye1,PL,amernewarle
tye1,PL,amernetheye
tye1,DU,therrele
tye1,DU,therre
tye1,DU,therrewe
tye1,DU,therrewarle
tye1,DU,therretheye
tye1,SG,nge
tye1,SG,
tye1,SG,we
tye1,SG,warle
tye1,SG,theye
tye1,SG,ye
tye1,DU,mpwele
tye1,DU,mpwelake
tye1,DU,mpwelanthe
tye1,PL,errwangkerre
tye1,PL,errwakerre
tye1,PL,errwantherre
tye1,SG,atye
tye1,SG,ayenge
tye1,SG,atyenge
tye1,SG,nte
tye1,SG,nge
tye1,SG,ngkenge
tye1,SG,re
tye1,SG,re
tye1,SG,kwere
mok1,SG,
mok1,DU,
mok1,PL,
mok1,SG,
mok1,DU,oadoasa
mok1,PL,oadoasai
mok1,SG,oadoaioa
mok1,DU,oadoama
mok1,PL,oadoamai
mok1,SG,oadoamwen
mok1,DU,oadoamwa
mok1,PL,oadoamwai
mok1,SG,oadoa
mok1,DU,oadoara
mok1,PL,oadoarai
mok1,SG,oadoan
mok1,DU,siasa
mok1,PL,siasai
mok1,SG,sioaioa
mok1,DU,siama
mok1,PL,siamai
mok1,SG,sioamwen
mok1,DU,siamwa
mok1,PL,siamwai
mok1,SG,sioa
mok1,SG,sien
mok1,DU,siara
mok1,PL,siarai
mok1,SG,mwomwoaioa
mok1,SG,mwomwoamwen
mok1,SG,mwomwe
mok1,DU,mwomwoasa
mok1,DU,mwomwoama
mok1,DU,mwomwoamwa
mok1,DU,mwomwoara
mok1,PL,mwomwoasai
mok1,PL,mwomwoamai
mok1,PL,mwomwoamwa
mok1,PL,mwomwoarai
mok1,SG,joamoai
mok1,SG,joamoamw
mok1,SG,jamah
mok1,SG,jemen
mok1,DU,jamasa
mok1,DU,jamama
mok1,DU,jamamwa
mok1,DU,jamara
mok1,PL,jamasai
mok1,PL,jamamai
mok1,PL,jamamwai
mok1,PL,jamarai
mok1,SG,polohioa
mok1,SG,polohmwen
mok1,SG,polooa
mok1,SG,polohn
mok1,DU,polohsa
mok1,DU,polohma
mok1,DU,polohmwa
mok1,DU,polohra
mok1,DU,polohsai
mok1,PL,polohma
mok1,PL,polohmwai
mok1,PL,polohrai
mok1,SG,insahioa
mok1,SG,insahmwen
mok1,SG,insah
mok1,SG,insahn
mok1,DU,insahsa
mok1,DU,insahma
mok1,DU,insahmwa
mok1,DU,insahra
mok1,DU,insahsai
mok1,PL,insahmai
mok1,PL,insahmwai
mok1,PL,insahrai
mok1,SG,kilihoa
mok1,SG,kilimwen
mok1,SG,kilin
mok1,SG,kilin
mok1,DU,kilisa
mok1,DU,kilima
mok1,DU,kilimwa
mok1,DU,kilira
mok1,PL,kilisai
mok1,PL,kilimai
mok1,PL,kilimwai
mok1,PL,kilirai
mok1,SG,ehioa
mok1,SG,ehmwen
mok1,SG,ehn
mok1,SG,ehn
mok1,DU,ehsa
mok1,DU,ehma
mok1,DU,ehmwa
mok1,DU,ehra
mok1,PL,ehsai
mok1,PL,ehmai
mok1,PL,ehmwai
mok1,PL,ehrai
mok1,SG,ngoah
mok1,SG,ngoahi
mok1,SG,
mok1,SG,koah
mok1,SG,koawoa
mok1,SG,ih
mok1,DU,kama
mok1,DU,kisa
mok1,DU,kamwa
mok1,DU,ara
mok1,DU,ira
mok1,PL,kamai
mok1,PL,kisai
mok1,PL,kamwai
mok1,PL,arai
mok1,PL,irai
mok1,GPL,kimi
mok1,GPL,kihs
mok1,GPL,kimwi
mok1,GPL,ihr
mok1,GPL,ih
mok1,PL,e
mok1,PL,o
mok1,PL,kai
mok1,PL,pwi
mok1,PL,wa
mok1,PL,ew
mok1,PL,men
mok1,PL,pas
mok1,PL,kij
mok1,PL,wa
mok1,SG,ngoah
mok1,SG,koah
mok1,PL,ih
mok1,SG,me
mok1,SG,men
mok1,PL,o
mok1,DU,sa
mok1,PL,sai
mok1,SG,ioa
mok1,DU,ma
mok1,PL,mai
mok1,SG,mwen
mok1,DU,mwa
mok1,PL,mwai
mok1,SG,
mok1,SG,a
mok1,DU,ra
mok1,PL,rai
mok1,SG,n
mok1,DU,isa
mok1,PL,isai
mok1,DU,ima
mok1,PL,imai
mok1,SG,imwen
mok1,DU,imwa
mok1,PL,imwai
mok1,SG,in
mok1,DU,ira
mok1,PL,irai
mok1,PL,in
nga2,SG,iau
nga2,SG,
nga2,SG,iáu
nga2,SG,i
nga2,SG,on
nga2,SG,ái
nga2,DU,giur
nga2,DU,gitar
nga2,DU,gaur
nga2,DU,diar
nga2,PAUC,gimtul
nga2,PAUC,gitul
nga2,PAUC,gamtul
nga2,PAUC,ditul
nga2,GPAUC,gimhat
nga2,GPAUC,githat
nga2,GPAUC,gamhat
nga2,GPAUC,dihat
nga2,PL,gim
nga2,PL,git
nga2,PL,gam
nga2,PL,di
nga2,SG,an
nga2,DU,ar
nga2,PAUC,tul
nga2,GPAUC,at
nga2,PL,
nga2,SG,yau
nga2,SG,u
nga2,SG,a
nga2,PL,diar
nga2,PL,gimtul
nga2,SG,i
nga2,SG,u
nga2,SG,
nga2,SG,l
nga2,SG,ay
nga2,DU,u
nga2,SG,
nga2,DU,ur
nga2,PAUC,tul
nga2,GPAUC,at
nga2,PL,ii
nga2,SG,Vn
ila1,PL,a
ila1,PL,ne
ila1,SG,t
ila1,PAUC,ru
ila1,PL,
ila1,SG,aia
ila1,PAUC,raaua
ila1,PL,raateu
ila1,GPL,reafa
ila1,SG,tuku
ila1,SG,too
ila1,SG,tno
ila1,SG,neaku
ila1,SG,neau
ila1,SG,neana
ila1,SG,
ila1,SG,tuk
ila1,SG,too
ila1,SG,no
ila1,DU,taku
ila1,DU,maku
ila1,DU,karku
ila1,DU,raku
ila1,PL,tatou
ila1,PL,matou
ila1,PL,koutou
ila1,PL,ratou
ila1,SG,ke
ila1,PL,keke
hir1,SG,yo
hir1,SG,
hir1,SG,wa
hir1,SG,e
hir1,SG,i
hir1,SG,ye
hir1,DU,gel
hir1,DU,gitto
hir1,DU,do
hir1,DU,kito
hir1,DU,gol
hir1,DU,dul
hir1,TR,getol
hir1,TR,kitol
hir1,TR,gotol
hir1,TR,dietol
hir1,PAUC,gehet
hir1,PAUC,kitahet
hir1,PAUC,gohet
hir1,PAUC,diehet
hir1,PL,ge
hir1,PL,giet
hir1,PL,da
hir1,PL,go
hir1,PL,die
hir1,DU,l
hir1,TR,tot
hir1,PAUC,het
hir1,TR,gitet
hir1,TR,dat
hir1,TR,get
hir1,TR,got
hir1,TR,diet
hir1,DU,kitto
hir1,DU,do
hir1,DU,gel
hir1,DU,gol
hir1,DU,gal
hir1,DU,dul
hir1,TR,kittel
hir1,TR,getol
hir1,TR,gotol
hir1,TR,dietol
hir1,PAUC,kitahet
hir1,PAUC,gehet
hir1,PAUC,gohet
hir1,PAUC,diehet
hir1,SG,o
hir1,SG,i
hir1,SG,e
hir1,PAUC,dehet
hir1,TR,dat
hir1,DU,do
hir1,PL,da
hir1,PL,me
hir1,PL,mu
hir1,PL,die
hir1,DU,gitto
hir1,DU,mel
hir1,DU,mul
hir1,DU,dul
hir1,TR,dat
hir1,TR,met
hir1,TR,got
hir1,TR,diet
hir1,TR,datol
hir1,TR,kittel
hir1,TR,metol
hir1,TR,mutol
hir1,TR,dittol
hir1,PAUC,kitahet
hir1,PAUC,mehet
hir1,PAUC,muhet
hir1,PAUC,diehet
hir1,SG,nuŋ
hir1,SG,gi
hir1,SG,ge
hir1,SG,gian
hir1,SG,geŋ
hir1,SG,gan
hir1,PL,kanda
hir1,PL,kambe
hir1,PL,kambu
hir1,PL,kandie
hir1,DU,kando
hir1,DU,kambel
hir1,DU,kambul
hir1,DU,kandul
hir1,TR,kandat
hir1,TR,kambet
hir1,TR,kambot
hir1,TR,kandiet
hir1,SG,nuŋ
hir1,SG,gi
hir1,SG,ge
hir1,SG,ga
hir1,PL,kinda
hir1,PL,ge
hir1,PL,gu
hir1,PL,die
hir1,DU,kindo
hir1,DU,gemel
hir1,DU,gumul
hir1,DU,kidul
hir1,TR,kindatol
hir1,TR,gemetol
hir1,TR,gumutol
hir1,TR,kidietol
hir1,PAUC,kigehet
hir1,PAUC,gemehet
hir1,PAUC,humuhet
hir1,PAUC,kindiehet
hir1,PAUC,kinegu
hir1,PAUC,kinewa
hir1,PAUC,kineye
hir1,PAUC,kineme
gga1,PL,am
gga1,PL,tanja
gga1,PL,an
